{"cameraMode":{"drawMode":0,"name":"Shaded","section":"Shading Mode"},"sceneLighting":false,"audioPlay":false,"sceneViewState":{"m_AlwaysRefresh":false,"showFog":true,"showSkybox":false,"showFlares":true,"showImageEffects":true,"showParticleSystems":true,"showVisualEffectGraphs":true,"m_FxEnabled":true},"in2DMode":false,"pivot":{"x":0.044014930725097659,"y":-0.04201650619506836,"z":-0.057404160499572757},"rotation":{"x":-0.20648379623889924,"y":-0.30740493535995486,"z":0.06852275878190994,"w":-0.9263780117034912},"size":2.1830790042877199,"orthographic":false}