{"cameraMode":{"drawMode":0,"name":"Shaded","section":"Shading Mode"},"sceneLighting":true,"audioPlay":false,"sceneViewState":{"m_AlwaysRefresh":false,"showFog":true,"showSkybox":true,"showFlares":true,"showImageEffects":true,"showParticleSystems":true,"showVisualEffectGraphs":true,"m_FxEnabled":true},"in2DMode":false,"pivot":{"x":1.4901161193847657e-8,"y":1.3699994087219239,"z":-0.800000011920929},"rotation":{"x":0.008908659219741822,"y":-0.14201250672340394,"z":0.0012781469849869609,"w":0.9898241758346558},"size":6.519233703613281,"orthographic":false}